filename,chroma_stft,spectral_centroid,spectral_bandwidth,rolloff,zero_crossing_rate,mfcc1,mfcc2,mfcc3,mfcc4,mfcc5,mfcc6,mfcc7,mfcc8,mfcc9,mfcc10,mfcc11,mfcc12,mfcc13,mfcc14,mfcc15,mfcc16,mfcc17,mfcc18,mfcc19,mfcc20,label
e3.wav,0.40190407633781433,1063.5672769223097,1654.8294423127006,2225.2909029447114,0.04373873197115385,-411.6930236816406,153.14976501464844,-6.402618408203125,38.640159606933594,20.101364135742188,11.384186744689941,7.609573841094971,7.201425552368164,-5.272104263305664,9.141111373901367,3.27988862991333,-0.3945196866989136,-7.503233909606934,4.281233787536621,-5.244260311126709,-2.4552738666534424,-3.8908233642578125,2.107950448989868,-5.300260066986084,-1.6499570608139038,e3.wav
